Date,Panel,Zone,Line Name,Product Slno,Part No,Target,00:00,01:00,02:00,03:00,04:00,05:00,06:00,07:00,08:00,09:00,10:00,11:00,12:00,13:00,14:00,15:00,16:00,17:00,18:00,19:00,20:00,21:00,22:00,23:00,Day Total
06-Oct-2026,1,1,M/C No.01/850,1,,50,0,0,0,0,0,0,0,0,0,0,0,0,0,0,0,0,0,0,0,0,0,4376,0,0,4376
06-Oct-2026,1,1,M/C No.02/660,10,,20,0,0,0,0,0,0,0,0,0,0,0,0,0,0,0,0,0,0,0,0,0,8245,0,0,8245
06-Oct-2026,1,1,M/C No.03/650,103,,10,0,0,0,0,0,0,0,0,0,0,0,0,0,0,0,0,0,0,0,0,0,27917,1,0,27918
06-Oct-2026,1,2,M/C No.06/550,108,,20,0,0,0,0,0,0,0,0,0,0,0,0,0,0,0,0,0,0,0,0,0,6749,0,0,6749
06-Oct-2026,1,2,M/C No.07/450,114,,20,0,0,0,0,0,0,0,0,0,0,0,0,0,0,0,0,0,0,0,0,0,2880,0,0,2880
06-Oct-2026,1,2,M/C No.08/450,118,,60,0,0,0,0,0,0,0,0,0,0,0,0,0,0,0,0,0,0,0,0,0,12106,0,0,12106
06-Oct-2026,1,3,M/C No.09/450,103,,2,0,0,0,0,0,0,0,0,0,0,0,0,0,0,0,0,0,0,0,0,0,19,0,0,19
06-Oct-2026,1,3,M/C No.10/450,,,0,0,0,0,0,0,0,0,0,0,0,0,0,0,0,0,0,0,0,0,0,0,20,0,0,20
06-Oct-2026,1,3,M/C No.11/450,115,,10,0,0,0,0,0,0,0,0,0,0,0,0,0,0,0,0,0,0,0,0,0,21,0,0,21
